{
  "project_info": {
    "project_number": "1080031408853",
    "firebase_url": "https://rfidefense.firebaseio.com",
    "project_id": "rfidefense",
    "storage_bucket": "rfidefense.appspot.com"
  },
  "client": [
    {
      "client_info": {
        "mobilesdk_app_id": "1:1080031408853:android:ebbdb756f103c9c6",
        "android_client_info": {
          "package_name": "com.example.youngjung.rfidefense"
        }
      },
      "oauth_client": [
        {
          "client_id": "1080031408853-p2r9dqg9os7hmsbq2kp4u428pt5apnd0.apps.googleusercontent.com",
          "client_type": 1,
          "android_info": {
            "package_name": "com.example.youngjung.rfidefense",
            "certificate_hash": "b08912ffe43bf4e361983afd758f9aa6783ff42c"
          }
        },
        {
          "client_id": "1080031408853-tu45bn98t5nao7unk3uq92dmpt48klbs.apps.googleusercontent.com",
          "client_type": 3
        }
      ],
      "api_key": [
        {
          "current_key": "AIzaSyCNs5MMWyYDuODInBcUCm64Nnxoa2O_jQU"
        }
      ],
      "services": {
        "analytics_service": {
          "status": 1
        },
        "appinvite_service": {
          "status": 2,
          "other_platform_oauth_client": [
            {
              "client_id": "1080031408853-tu45bn98t5nao7unk3uq92dmpt48klbs.apps.googleusercontent.com",
              "client_type": 3
            }
          ]
        },
        "ads_service": {
          "status": 2
        }
      }
    }
  ],
  "configuration_version": "1"
}